time[s], x, y, z, R, P, Y,
0,2.29038E-17,-0.319048,1.69359,-3.14159,-4.87609E-20,1.57159, 
1,0.0158712,-0.318762,1.69353,-3.10972,-0.00494871,1.5715, 
2,0.0140416,-0.318977,1.69328,-3.1134,-0.0043573,1.57085, 
3,0.0125198,-0.318998,1.6933,-3.11645,-0.00388376,1.57089, 
4,0.0106936,-0.319016,1.69332,-3.12012,-0.0033153,1.57094, 
5,0.00886749,-0.319026,1.69334,-3.12379,-0.00274657,1.57098, 
6,0.00704132,-0.319027,1.69336,-3.12745,-0.00217758,1.57103, 
7,0.00521517,-0.319021,1.69338,-3.13112,-0.00160832,1.57107, 
8,0.00369326,-0.31901,1.6934,-3.13418,-0.00113373,1.57111, 
9,0.00186724,-0.318989,1.69341,-3.13785,-0.000564014,1.57114, 
10,0.000041324,-0.318959,1.69343,-3.14151,5.95784E-06,1.57118, 
11,-0.00178444,-0.318922,1.69344,3.13801,0.000576179,1.57122, 
12,-0.00361003,-0.318877,1.69346,3.13434,0.00114665,1.57125, 
13,-0.00513135,-0.318834,1.69347,3.13128,0.00162223,1.57128, 
14,-0.00695652,-0.318774,1.69348,3.12762,0.00219314,1.57131, 
15,-0.00878142,-0.318707,1.69349,3.12395,0.00276429,1.57134, 
16,-0.010606,-0.318631,1.6935,3.12028,0.00333567,1.57137, 
17,-0.0124303,-0.318547,1.69351,3.11662,0.00390729,1.57139, 
18,-0.0139504,-0.318472,1.69351,3.11356,0.00438381,1.57141, 
19,-0.0157739,-0.318374,1.69352,3.1099,0.00495584,1.57143, 
20,-0.0175863,-0.318084,1.6938,3.10624,0.00551131,1.57215, 
21,-0.0194088,-0.31797,1.6938,3.10258,0.00608474,1.57217, 
22,-0.0209273,-0.317869,1.6938,3.09952,0.00656276,1.57218, 
23,-0.0227489,-0.31774,1.69381,3.09586,0.00713658,1.5722, 
24,-0.0245699,-0.317604,1.69381,3.09219,0.00771062,1.57221, 
25,-0.0263903,-0.317459,1.69381,3.08853,0.00828487,1.57222, 
26,-0.027907,-0.317332,1.69381,3.08547,0.00876355,1.57223, 
27,-0.0297262,-0.317173,1.6938,3.08181,0.00933818,1.57224, 
28,-0.0315447,-0.317006,1.6938,3.07814,0.009913,1.57225, 
29,-0.0333625,-0.31683,1.6938,3.07448,0.010488,1.57225, 
30,-0.034877,-0.316679,1.69379,3.07142,0.0109673,1.57225, 
31,-0.0366934,-0.316489,1.69379,3.06776,0.0115427,1.57225, 
32,-0.038509,-0.316291,1.69378,3.0641,0.0121183,1.57225, 
33,-0.040006,-0.315938,1.69404,3.06106,0.0125852,1.57295, 
34,-0.0418199,-0.315726,1.69403,3.05739,0.0131621,1.57295, 
35,-0.0436329,-0.315505,1.69402,3.05373,0.0137391,1.57294, 
36,-0.0451431,-0.315316,1.69401,3.05067,0.0142201,1.57293, 
37,-0.0469544,-0.315081,1.694,3.04701,0.0147975,1.57292, 
38,-0.0487646,-0.314839,1.69399,3.04335,0.015375,1.57291, 
39,-0.0502725,-0.314631,1.69398,3.0403,0.0158564,1.5729, 
40,-0.0520808,-0.314374,1.69396,3.03663,0.0164343,1.57289, 
41,-0.0538694,-0.313926,1.69422,3.03299,0.017002,1.57357, 
42,-0.0553746,-0.313699,1.6942,3.02993,0.0174846,1.57356, 
43,-0.0571796,-0.31342,1.69418,3.02627,0.0180638,1.57354, 
44,-0.0589834,-0.313132,1.69416,3.02261,0.0186433,1.57352, 
45,-0.0604858,-0.312887,1.69415,3.01956,0.0191262,1.5735, 
46,-0.0622874,-0.312585,1.69412,3.01589,0.0197059,1.57347, 
47,-0.0640668,-0.312093,1.69437,3.01225,0.0202773,1.57415, 
48,-0.0655661,-0.31183,1.69435,3.0092,0.0207614,1.57412, 
49,-0.0673638,-0.311505,1.69433,3.00554,0.0213424,1.57409, 
50,-0.068861,-0.31123,1.69431,3.00249,0.0218267,1.57407, 
51,-0.0706562,-0.310891,1.69428,2.99882,0.022408,1.57403, 
52,-0.0724499,-0.310545,1.69425,2.99516,0.0229895,1.574, 
53,-0.0739208,-0.310068,1.6945,2.99213,0.0234673,1.57467, 
54,-0.0757117,-0.309708,1.69447,2.98847,0.02405,1.57463, 
55,-0.0772032,-0.309402,1.69444,2.98542,0.0245355,1.5746, 
56,-0.0789912,-0.309026,1.69441,2.98176,0.0251184,1.57455, 
57,-0.0804559,-0.308526,1.69466,2.97873,0.0255986,1.57522, 
58,-0.0822409,-0.308137,1.69462,2.97507,0.0261826,1.57517, 
59,-0.0837274,-0.307807,1.69459,2.97202,0.0266694,1.57513, 
60,-0.0855094,-0.307403,1.69456,2.96836,0.0272536,1.57508, 
61,-0.0869933,-0.307061,1.69452,2.96531,0.0277405,1.57504, 
62,-0.0887458,-0.306462,1.69476,2.96167,0.028321,1.57569, 
63,-0.090227,-0.306108,1.69473,2.95862,0.0288088,1.57565, 
64,-0.0920024,-0.305676,1.69468,2.95496,0.0293944,1.57559, 
65,-0.0934808,-0.30531,1.69465,2.95191,0.0298824,1.57554, 
66,-0.0952252,-0.304682,1.69488,2.94827,0.0304653,1.57618, 
67,-0.0967006,-0.304305,1.69484,2.94523,0.0309543,1.57613, 
68,-0.0984691,-0.303844,1.6948,2.94157,0.0315412,1.57607, 
69,-0.0999416,-0.303455,1.69476,2.93852,0.0320302,1.57602, 
70,-0.101384,-0.302879,1.69499,2.93549,0.0325175,1.57666, 
71,-0.103147,-0.302398,1.69495,2.93183,0.0331056,1.5766, 
72,-0.104615,-0.301992,1.69491,2.92879,0.0335956,1.57654, 
73,-0.106344,-0.301315,1.69513,2.92515,0.034183,1.57717, 
74,-0.107809,-0.300897,1.69508,2.9221,0.034674,1.57711, 
75,-0.109272,-0.300474,1.69504,2.91906,0.035165,1.57705, 
76,-0.111026,-0.299958,1.69499,2.9154,0.0357543,1.57697, 
77,-0.112454,-0.299342,1.69522,2.91237,0.0362456,1.57761, 
78,-0.113913,-0.298902,1.69517,2.90933,0.0367375,1.57754, 
79,-0.11566,-0.298366,1.69511,2.90567,0.037328,1.57746, 
80,-0.117083,-0.297733,1.69534,2.90265,0.037821,1.57809, 
81,-0.118536,-0.297276,1.69529,2.8996,0.0383139,1.57802, 
82,-0.119988,-0.296813,1.69524,2.89656,0.0388068,1.57795, 
83,-0.121693,-0.29607,1.69545,2.89292,0.0394003,1.57856, 
84,-0.123141,-0.295595,1.6954,2.88988,0.0398941,1.57849, 
85,-0.124588,-0.295116,1.69535,2.88683,0.0403879,1.57841, 
86,-0.126286,-0.294353,1.69556,2.8832,0.0409833,1.57902, 
87,-0.127729,-0.293862,1.69551,2.88016,0.0414779,1.57894, 
88,-0.129169,-0.293365,1.69545,2.87711,0.0419726,1.57886, 
89,-0.130573,-0.292683,1.69567,2.87409,0.0424707,1.57948, 
90,-0.13201,-0.292177,1.69561,2.87105,0.0429662,1.5794, 
91,-0.133732,-0.291561,1.69554,2.86739,0.043561,1.5793, 
92,-0.135129,-0.290863,1.69576,2.86437,0.0440608,1.57992, 
93,-0.13656,-0.290339,1.6957,2.86133,0.0445572,1.57983, 
94,-0.13799,-0.289811,1.69564,2.85829,0.0450535,1.57974, 
95,-0.13938,-0.289097,1.69585,2.85527,0.0455549,1.58035, 
96,-0.140806,-0.288558,1.69579,2.85222,0.0460521,1.58026, 
97,-0.14223,-0.288014,1.69573,2.84918,0.0465493,1.58017, 
98,-0.143613,-0.287284,1.69594,2.84616,0.0470523,1.58078, 
99,-0.145317,-0.286618,1.69586,2.84251,0.0476501,1.58067, 
100,-0.146734,-0.286057,1.6958,2.83947,0.0481481,1.58057, 
101,-0.14811,-0.285312,1.696,2.83645,0.0486527,1.58117, 
102,-0.14811,-0.285312,1.696,2.83645,0.0486527,1.58117, 
103,-0.14811,-0.285312,1.696,2.83645,0.0486527,1.58117, 
104,-0.14811,-0.285312,1.696,2.83645,0.0486527,1.58117, 
105,-0.14811,-0.285312,1.696,2.83645,0.0486527,1.58117, 
106,-0.14811,-0.285312,1.696,2.83645,0.0486527,1.58117, 
107,-0.14811,-0.285312,1.696,2.83645,0.0486527,1.58117, 
108,-0.14811,-0.285312,1.696,2.83645,0.0486527,1.58117, 
109,-0.14811,-0.285312,1.696,2.83645,0.0486527,1.58117, 
110,-0.14811,-0.285312,1.696,2.83645,0.0486527,1.58117, 
111,-0.14811,-0.285312,1.696,2.83645,0.0486527,1.58117, 
112,-0.14811,-0.285312,1.696,2.83645,0.0486527,1.58117, 
113,-0.14811,-0.285312,1.696,2.83645,0.0486527,1.58117, 
114,-0.14811,-0.285312,1.696,2.83645,0.0486527,1.58117, 
115,-0.14811,-0.285312,1.696,2.83645,0.0486527,1.58117, 
116,-0.14811,-0.285312,1.696,2.83645,0.0486527,1.58117, 
117,-0.14811,-0.285312,1.696,2.83645,0.0486527,1.58117, 
118,-0.14811,-0.285312,1.696,2.83645,0.0486527,1.58117, 
119,-0.14811,-0.285312,1.696,2.83645,0.0486527,1.58117, 
120,-0.14811,-0.285312,1.696,2.83645,0.0486527,1.58117, 
121,-0.14811,-0.285312,1.696,2.83645,0.0486527,1.58117, 
122,-0.14811,-0.285312,1.696,2.83645,0.0486527,1.58117, 
123,-0.14811,-0.285312,1.696,2.83645,0.0486527,1.58117, 
124,-0.14811,-0.285312,1.696,2.83645,0.0486527,1.58117, 
125,-0.14811,-0.285312,1.696,2.83645,0.0486527,1.58117, 
126,-0.14811,-0.285312,1.696,2.83645,0.0486527,1.58117, 
127,-0.14811,-0.285312,1.696,2.83645,0.0486527,1.58117, 
128,-0.14811,-0.285312,1.696,2.83645,0.0486527,1.58117, 
129,-0.14811,-0.285312,1.696,2.83645,0.0486527,1.58117, 
130,-0.14811,-0.285312,1.696,2.83645,0.0486527,1.58117, 
131,-0.14811,-0.285312,1.696,2.83645,0.0486527,1.58117, 
132,-0.14811,-0.285312,1.696,2.83645,0.0486527,1.58117, 
133,-0.14811,-0.285312,1.696,2.83645,0.0486527,1.58117, 
134,-0.14811,-0.285312,1.696,2.83645,0.0486527,1.58117, 
135,-0.14811,-0.285312,1.696,2.83645,0.0486527,1.58117, 
136,-0.14811,-0.285312,1.696,2.83645,0.0486527,1.58117, 
137,-0.14811,-0.285312,1.696,2.83645,0.0486527,1.58117, 
138,-0.14811,-0.285312,1.696,2.83645,0.0486527,1.58117, 
139,-0.14811,-0.285312,1.696,2.83645,0.0486527,1.58117, 
140,-0.14811,-0.285312,1.696,2.83645,0.0486527,1.58117, 
141,-0.14811,-0.285312,1.696,2.83645,0.0486527,1.58117, 
142,-0.14811,-0.285312,1.696,2.83645,0.0486527,1.58117, 
143,-0.14811,-0.285312,1.696,2.83645,0.0486527,1.58117, 
144,-0.14811,-0.285312,1.696,2.83645,0.0486527,1.58117, 
145,-0.14811,-0.285312,1.696,2.83645,0.0486527,1.58117, 
146,-0.14811,-0.285312,1.696,2.83645,0.0486527,1.58117, 
147,-0.14811,-0.285312,1.696,2.83645,0.0486527,1.58117, 
148,-0.14811,-0.285312,1.696,2.83645,0.0486527,1.58117, 
149,-0.14811,-0.285312,1.696,2.83645,0.0486527,1.58117, 
150,-0.14811,-0.285312,1.696,2.83645,0.0486527,1.58117, 
151,-0.14811,-0.285312,1.696,2.83645,0.0486527,1.58117, 
152,-0.14811,-0.285312,1.696,2.83645,0.0486527,1.58117, 
153,-0.14811,-0.285312,1.696,2.83645,0.0486527,1.58117, 
154,-0.14811,-0.285312,1.696,2.83645,0.0486527,1.58117, 
155,-0.14811,-0.285312,1.696,2.83645,0.0486527,1.58117, 
156,-0.14811,-0.285312,1.696,2.83645,0.0486527,1.58117, 
157,-0.14811,-0.285312,1.696,2.83645,0.0486527,1.58117, 
158,-0.14811,-0.285312,1.696,2.83645,0.0486527,1.58117, 
159,-0.14811,-0.285312,1.696,2.83645,0.0486527,1.58117, 
160,-0.14811,-0.285312,1.696,2.83645,0.0486527,1.58117, 
161,-0.14811,-0.285312,1.696,2.83645,0.0486527,1.58117, 
162,-0.14811,-0.285312,1.696,2.83645,0.0486527,1.58117, 
163,-0.14811,-0.285312,1.696,2.83645,0.0486527,1.58117, 
164,-0.14811,-0.285312,1.696,2.83645,0.0486527,1.58117, 
165,-0.14811,-0.285312,1.696,2.83645,0.0486527,1.58117, 
166,-0.14811,-0.285312,1.696,2.83645,0.0486527,1.58117, 
167,-0.14811,-0.285312,1.696,2.83645,0.0486527,1.58117, 
168,-0.14811,-0.285312,1.696,2.83645,0.0486527,1.58117, 
169,-0.14811,-0.285312,1.696,2.83645,0.0486527,1.58117, 
170,-0.14811,-0.285312,1.696,2.83645,0.0486527,1.58117, 
171,-0.14811,-0.285312,1.696,2.83645,0.0486527,1.58117, 
172,-0.14811,-0.285312,1.696,2.83645,0.0486527,1.58117, 
173,-0.14811,-0.285312,1.696,2.83645,0.0486527,1.58117, 
174,-0.14811,-0.285312,1.696,2.83645,0.0486527,1.58117, 
175,-0.14811,-0.285312,1.696,2.83645,0.0486527,1.58117, 
176,-0.14811,-0.285312,1.696,2.83645,0.0486527,1.58117, 
177,-0.14811,-0.285312,1.696,2.83645,0.0486527,1.58117, 
178,-0.14811,-0.285312,1.696,2.83645,0.0486527,1.58117, 
179,-0.14811,-0.285312,1.696,2.83645,0.0486527,1.58117, 
180,-0.14811,-0.285312,1.696,2.83645,0.0486527,1.58117, 
181,-0.14811,-0.285312,1.696,2.83645,0.0486527,1.58117, 
182,-0.14811,-0.285312,1.696,2.83645,0.0486527,1.58117, 
183,-0.14811,-0.285312,1.696,2.83645,0.0486527,1.58117, 
184,-0.14811,-0.285312,1.696,2.83645,0.0486527,1.58117, 
185,-0.14811,-0.285312,1.696,2.83645,0.0486527,1.58117, 
186,-0.14811,-0.285312,1.696,2.83645,0.0486527,1.58117, 
187,-0.14811,-0.285312,1.696,2.83645,0.0486527,1.58117, 
188,-0.14811,-0.285312,1.696,2.83645,0.0486527,1.58117, 
189,-0.14811,-0.285312,1.696,2.83645,0.0486527,1.58117, 
190,-0.14811,-0.285312,1.696,2.83645,0.0486527,1.58117, 
191,-0.14811,-0.285312,1.696,2.83645,0.0486527,1.58117, 
192,-0.14811,-0.285312,1.696,2.83645,0.0486527,1.58117, 
193,-0.14811,-0.285312,1.696,2.83645,0.0486527,1.58117, 
194,-0.14811,-0.285312,1.696,2.83645,0.0486527,1.58117, 
195,-0.14811,-0.285312,1.696,2.83645,0.0486527,1.58117, 
196,-0.14811,-0.285312,1.696,2.83645,0.0486527,1.58117, 
197,-0.14811,-0.285312,1.696,2.83645,0.0486527,1.58117, 
198,-0.14811,-0.285312,1.696,2.83645,0.0486527,1.58117, 
199,-0.14811,-0.285312,1.696,2.83645,0.0486527,1.58117, 
200,-0.14811,-0.285312,1.696,2.83645,0.0486527,1.58117, 
201,-0.14811,-0.285312,1.696,2.83645,0.0486527,1.58117, 
202,-0.146614,-0.285513,1.69661,2.83955,0.0481662,1.58267, 
203,-0.145117,-0.285708,1.69721,2.84264,0.0476776,1.58417, 
204,-0.143619,-0.285897,1.69782,2.84573,0.0471869,1.58566, 
205,-0.142119,-0.28608,1.69842,2.84883,0.0466939,1.58716, 
206,-0.140371,-0.286546,1.69877,2.85251,0.0460937,1.58798, 
207,-0.138868,-0.286716,1.69937,2.8556,0.0455972,1.58947, 
208,-0.137365,-0.28688,1.69997,2.85869,0.0450985,1.59096, 
209,-0.13586,-0.287037,1.70057,2.86178,0.0445977,1.59245, 
210,-0.134068,-0.287291,1.70118,2.86548,0.0439928,1.59395, 
211,-0.13256,-0.287435,1.70177,2.86857,0.0434875,1.59544, 
212,-0.131052,-0.287573,1.70237,2.87166,0.0429802,1.59692, 
213,-0.129543,-0.287704,1.70296,2.87474,0.0424707,1.5984, 
214,-0.127745,-0.287928,1.70357,2.87844,0.0418557,1.5999, 
215,-0.126233,-0.288046,1.70416,2.88153,0.0413418,1.60138, 
216,-0.124721,-0.288157,1.70475,2.88461,0.0408257,1.60286, 
217,-0.122918,-0.288358,1.70535,2.88831,0.0402033,1.60435, 
218,-0.121369,-0.288268,1.70621,2.89141,0.0396839,1.60652, 
219,-0.119853,-0.28836,1.7068,2.8945,0.0391605,1.608, 
220,-0.118047,-0.288537,1.70739,2.89819,0.0385296,1.60948, 
221,-0.11653,-0.288615,1.70798,2.90127,0.0380019,1.61095, 
222,-0.115011,-0.288687,1.70856,2.90435,0.037472,1.61242, 
223,-0.113202,-0.28884,1.70915,2.90804,0.0368336,1.6139, 
224,-0.111682,-0.288899,1.70973,2.91112,0.0362994,1.61537, 
225,-0.110161,-0.288951,1.71031,2.9142,0.035763,1.61683, 
226,-0.108348,-0.289081,1.7109,2.91789,0.0351172,1.6183, 
227,-0.106825,-0.28912,1.71148,2.92097,0.0345765,1.61976, 
228,-0.10501,-0.289234,1.71207,2.92465,0.0339256,1.62123, 
229,-0.103454,-0.289066,1.71291,2.92775,0.0333784,1.62338, 
230,-0.10193,-0.289084,1.71348,2.93083,0.0328304,1.62484, 
231,-0.100112,-0.289175,1.71406,2.93451,0.0321712,1.6263, 
232,-0.098586,-0.28918,1.71463,2.93759,0.0316189,1.62775, 
233,-0.0967663,-0.289254,1.71521,2.94127,0.0309547,1.62921, 
234,-0.095239,-0.289245,1.71578,2.94434,0.030398,1.63066, 
235,-0.0934177,-0.289304,1.71635,2.94802,0.0297289,1.63212, 
236,-0.0918594,-0.289086,1.71718,2.95111,0.0291637,1.63425, 
237,-0.0903305,-0.289056,1.71775,2.95418,0.0285998,1.6357, 
238,-0.088507,-0.289091,1.71832,2.95786,0.0279223,1.63715, 
239,-0.0869771,-0.289048,1.71888,2.96093,0.027354,1.63858, 
240,-0.0851522,-0.289067,1.71945,2.96461,0.0266716,1.64003, 
241,-0.0835931,-0.288813,1.72027,2.96769,0.0260934,1.64215, 
242,-0.081767,-0.288815,1.72083,2.97136,0.0254051,1.6436, 
243,-0.0802355,-0.288745,1.72139,2.97443,0.0248274,1.64503, 
244,-0.0784083,-0.288731,1.72195,2.9781,0.0241341,1.64646, 
245,-0.076849,-0.288447,1.72276,2.98119,0.0235453,1.64858, 
246,-0.0750208,-0.288417,1.72332,2.98486,0.0228461,1.65001, 
247,-0.0734882,-0.288319,1.72387,2.98792,0.0222591,1.65144, 
248,-0.0716591,-0.288273,1.72443,2.99159,0.021555,1.65286, 
249,-0.0701002,-0.287959,1.72523,2.99467,0.0209556,1.65497, 
250,-0.0682704,-0.287897,1.72579,2.99834,0.0202457,1.6564, 
251,-0.066737,-0.287771,1.72633,3.0014,0.0196492,1.65781, 
252,-0.0649066,-0.287693,1.72688,3.00506,0.0189344,1.65923, 
253,-0.0633485,-0.28735,1.72768,3.00814,0.0183244,1.66133, 
254,-0.0615177,-0.287255,1.72822,3.0118,0.0176037,1.66274, 
255,-0.0599839,-0.287102,1.72876,3.01486,0.016998,1.66415, 
256,-0.0581527,-0.286991,1.7293,3.01852,0.0162724,1.66556, 
257,-0.0562978,-0.286665,1.7301,3.0222,0.0155333,1.66766, 
258,-0.054764,-0.28649,1.73064,3.02525,0.0149203,1.66906, 
259,-0.0529325,-0.286354,1.73117,3.02891,0.0141864,1.67046, 
260,-0.0513771,-0.285959,1.73196,3.03198,0.0135577,1.67254, 
261,-0.0495456,-0.285807,1.73249,3.03564,0.012818,1.67394, 
262,-0.0480123,-0.285604,1.73302,3.03869,0.0121957,1.67533, 
263,-0.0461595,-0.285227,1.73381,3.04236,0.0114382,1.67741, 
264,-0.0446266,-0.285011,1.73433,3.04541,0.0108109,1.6788, 
265,-0.0427954,-0.284826,1.73486,3.04906,0.0100605,1.68019, 
266,-0.0409442,-0.284422,1.73564,3.05273,0.00929383,1.68226, 
267,-0.0394121,-0.284184,1.73616,3.05578,0.00865929,1.68364, 
268,-0.0375816,-0.283974,1.73668,3.05943,0.00790067,1.68502, 
269,-0.0360317,-0.283512,1.73745,3.06249,0.00724773,1.68709, 
270,-0.0342017,-0.283286,1.73796,3.06614,0.00648332,1.68846, 
271,-0.032671,-0.283021,1.73848,3.06918,0.00583954,1.68983, 
272,-0.0308238,-0.282566,1.73924,3.07284,0.00505465,1.69189, 
273,-0.0289949,-0.282315,1.73975,3.07649,0.00428202,1.69326, 
274,-0.0274492,-0.281815,1.74052,3.07954,0.00361537,1.69531, 
275,-0.0256212,-0.281547,1.74102,3.08319,0.00283697,1.69667, 
276,-0.024093,-0.281247,1.74153,3.08623,0.00218104,1.69803, 
277,-0.0222502,-0.280749,1.74228,3.08988,0.00138064,1.70008, 
278,-0.0207231,-0.280434,1.74279,3.09292,0.000719717,1.70143, 
279,-0.0188973,-0.280134,1.74329,3.09657,-6.92138E-05,1.70278, 
280,-0.0173574,-0.279591,1.74403,3.09961,-0.000751846,1.70482, 
281,-0.0155329,-0.279275,1.74453,3.10325,-0.00154652,1.70617, 
282,-0.0136952,-0.278733,1.74527,3.1069,-0.00236238,1.7082, 
283,-0.0121717,-0.278383,1.74577,3.10993,-0.00303538,1.70954, 
284,-0.0103493,-0.278042,1.74626,3.11357,-0.0038382,1.71088, 
285,-0.00881527,-0.277462,1.747,3.11661,-0.00453444,1.7129, 
286,-0.0069945,-0.277104,1.74748,3.12025,-0.00534297,1.71423, 
287,-0.00546299,-0.276509,1.74822,3.12329,-0.00604477,1.71625, 
288,-0.00364397,-0.276136,1.7487,3.12692,-0.00685901,1.71758, 
289,-0.00211509,-0.275526,1.74943,3.12996,-0.00756636,1.7196, 
290,-0.000297933,-0.275136,1.74991,3.13359,-0.0083863,1.72092, 
291,0.00151823,-0.274738,1.75038,3.13722,-0.00920863,1.72223, 
292,0.00304287,-0.274106,1.75111,3.14025,-0.00992396,1.72424, 
293,0.00485698,-0.273691,1.75158,-3.1393,-0.010752,1.72555, 
294,0.00637869,-0.273045,1.7523,-3.13627,-0.0114728,1.72755, 
295,0.0081906,-0.272614,1.75277,-3.13264,-0.0123065,1.72886, 
296,0.00970209,-0.272175,1.75324,-3.12962,-0.0130105,1.73018, 
297,0.0115191,-0.271505,1.75395,-3.12599,-0.0138722,1.73216, 
298,0.0130283,-0.271052,1.75441,-3.12297,-0.0145811,1.73347, 
299,0.014842,-0.270366,1.75512,-3.11934,-0.0154491,1.73545, 
300,0.0163488,-0.269899,1.75558,-3.11632,-0.0161628,1.73675, 
301,0.018159,-0.269196,1.75628,-3.11269,-0.0170371,1.73873, 
302,0.018159,-0.269196,1.75628,-3.11269,-0.0170371,1.73873, 
303,0.018159,-0.269196,1.75628,-3.11269,-0.0170371,1.73873, 
304,0.018159,-0.269196,1.75628,-3.11269,-0.0170371,1.73873, 
305,0.018159,-0.269196,1.75628,-3.11269,-0.0170371,1.73873, 
306,0.018159,-0.269196,1.75628,-3.11269,-0.0170371,1.73873, 
307,0.018159,-0.269196,1.75628,-3.11269,-0.0170371,1.73873, 
308,0.018159,-0.269196,1.75628,-3.11269,-0.0170371,1.73873, 
309,0.018159,-0.269196,1.75628,-3.11269,-0.0170371,1.73873, 
310,0.018159,-0.269196,1.75628,-3.11269,-0.0170371,1.73873, 
311,0.018159,-0.269196,1.75628,-3.11269,-0.0170371,1.73873, 
312,0.018159,-0.269196,1.75628,-3.11269,-0.0170371,1.73873, 
313,0.018159,-0.269196,1.75628,-3.11269,-0.0170371,1.73873, 
314,0.018159,-0.269196,1.75628,-3.11269,-0.0170371,1.73873, 
315,0.018159,-0.269196,1.75628,-3.11269,-0.0170371,1.73873, 
316,0.018159,-0.269196,1.75628,-3.11269,-0.0170371,1.73873, 
317,0.018159,-0.269196,1.75628,-3.11269,-0.0170371,1.73873, 
318,0.018159,-0.269196,1.75628,-3.11269,-0.0170371,1.73873, 
319,0.018159,-0.269196,1.75628,-3.11269,-0.0170371,1.73873, 
320,0.018159,-0.269196,1.75628,-3.11269,-0.0170371,1.73873, 
321,0.018159,-0.269196,1.75628,-3.11269,-0.0170371,1.73873, 
322,0.018159,-0.269196,1.75628,-3.11269,-0.0170371,1.73873, 
323,0.018159,-0.269196,1.75628,-3.11269,-0.0170371,1.73873, 
324,0.018159,-0.269196,1.75628,-3.11269,-0.0170371,1.73873, 
325,0.018159,-0.269196,1.75628,-3.11269,-0.0170371,1.73873, 
326,0.018159,-0.269196,1.75628,-3.11269,-0.0170371,1.73873, 
327,0.018159,-0.269196,1.75628,-3.11269,-0.0170371,1.73873, 
328,0.018159,-0.269196,1.75628,-3.11269,-0.0170371,1.73873, 
329,0.018159,-0.269196,1.75628,-3.11269,-0.0170371,1.73873, 
330,0.018159,-0.269196,1.75628,-3.11269,-0.0170371,1.73873, 
331,0.018159,-0.269196,1.75628,-3.11269,-0.0170371,1.73873, 
332,0.018159,-0.269196,1.75628,-3.11269,-0.0170371,1.73873, 
333,0.018159,-0.269196,1.75628,-3.11269,-0.0170371,1.73873, 
334,0.018159,-0.269196,1.75628,-3.11269,-0.0170371,1.73873, 
335,0.018159,-0.269196,1.75628,-3.11269,-0.0170371,1.73873, 
336,0.018159,-0.269196,1.75628,-3.11269,-0.0170371,1.73873, 
337,0.018159,-0.269196,1.75628,-3.11269,-0.0170371,1.73873, 
338,0.018159,-0.269196,1.75628,-3.11269,-0.0170371,1.73873, 
339,0.018159,-0.269196,1.75628,-3.11269,-0.0170371,1.73873, 
340,0.018159,-0.269196,1.75628,-3.11269,-0.0170371,1.73873, 
341,0.018159,-0.269196,1.75628,-3.11269,-0.0170371,1.73873, 
342,0.018159,-0.269196,1.75628,-3.11269,-0.0170371,1.73873, 
343,0.018159,-0.269196,1.75628,-3.11269,-0.0170371,1.73873, 
344,0.018159,-0.269196,1.75628,-3.11269,-0.0170371,1.73873, 
345,0.018159,-0.269196,1.75628,-3.11269,-0.0170371,1.73873, 
346,0.018159,-0.269196,1.75628,-3.11269,-0.0170371,1.73873, 
347,0.018159,-0.269196,1.75628,-3.11269,-0.0170371,1.73873, 
348,0.018159,-0.269196,1.75628,-3.11269,-0.0170371,1.73873, 
349,0.018159,-0.269196,1.75628,-3.11269,-0.0170371,1.73873, 
350,0.018159,-0.269196,1.75628,-3.11269,-0.0170371,1.73873, 
351,0.018159,-0.269196,1.75628,-3.11269,-0.0170371,1.73873, 
352,0.018159,-0.269196,1.75628,-3.11269,-0.0170371,1.73873, 
353,0.018159,-0.269196,1.75628,-3.11269,-0.0170371,1.73873, 
354,0.018159,-0.269196,1.75628,-3.11269,-0.0170371,1.73873, 
355,0.018159,-0.269196,1.75628,-3.11269,-0.0170371,1.73873, 
356,0.018159,-0.269196,1.75628,-3.11269,-0.0170371,1.73873, 
357,0.018159,-0.269196,1.75628,-3.11269,-0.0170371,1.73873, 
358,0.018159,-0.269196,1.75628,-3.11269,-0.0170371,1.73873, 
359,0.018159,-0.269196,1.75628,-3.11269,-0.0170371,1.73873, 
360,0.018159,-0.269196,1.75628,-3.11269,-0.0170371,1.73873, 
361,0.018159,-0.269196,1.75628,-3.11269,-0.0170371,1.73873, 
362,0.018159,-0.269196,1.75628,-3.11269,-0.0170371,1.73873, 
363,0.018159,-0.269196,1.75628,-3.11269,-0.0170371,1.73873, 
364,0.018159,-0.269196,1.75628,-3.11269,-0.0170371,1.73873, 
365,0.018159,-0.269196,1.75628,-3.11269,-0.0170371,1.73873, 
366,0.018159,-0.269196,1.75628,-3.11269,-0.0170371,1.73873, 
367,0.018159,-0.269196,1.75628,-3.11269,-0.0170371,1.73873, 
368,0.018159,-0.269196,1.75628,-3.11269,-0.0170371,1.73873, 
369,0.018159,-0.269196,1.75628,-3.11269,-0.0170371,1.73873, 
370,0.018159,-0.269196,1.75628,-3.11269,-0.0170371,1.73873, 
371,0.018159,-0.269196,1.75628,-3.11269,-0.0170371,1.73873, 
372,0.018159,-0.269196,1.75628,-3.11269,-0.0170371,1.73873, 
373,0.018159,-0.269196,1.75628,-3.11269,-0.0170371,1.73873, 
374,0.018159,-0.269196,1.75628,-3.11269,-0.0170371,1.73873, 
375,0.018159,-0.269196,1.75628,-3.11269,-0.0170371,1.73873, 
376,0.018159,-0.269196,1.75628,-3.11269,-0.0170371,1.73873, 
377,0.018159,-0.269196,1.75628,-3.11269,-0.0170371,1.73873, 
378,0.018159,-0.269196,1.75628,-3.11269,-0.0170371,1.73873, 
379,0.018159,-0.269196,1.75628,-3.11269,-0.0170371,1.73873, 
380,0.018159,-0.269196,1.75628,-3.11269,-0.0170371,1.73873, 
381,0.018159,-0.269196,1.75628,-3.11269,-0.0170371,1.73873, 
382,0.018159,-0.269196,1.75628,-3.11269,-0.0170371,1.73873, 
383,0.018159,-0.269196,1.75628,-3.11269,-0.0170371,1.73873, 
384,0.018159,-0.269196,1.75628,-3.11269,-0.0170371,1.73873, 
385,0.018159,-0.269196,1.75628,-3.11269,-0.0170371,1.73873, 
386,0.018159,-0.269196,1.75628,-3.11269,-0.0170371,1.73873, 
387,0.018159,-0.269196,1.75628,-3.11269,-0.0170371,1.73873, 
388,0.018159,-0.269196,1.75628,-3.11269,-0.0170371,1.73873, 
389,0.018159,-0.269196,1.75628,-3.11269,-0.0170371,1.73873, 
390,0.018159,-0.269196,1.75628,-3.11269,-0.0170371,1.73873, 
391,0.018159,-0.269196,1.75628,-3.11269,-0.0170371,1.73873, 
392,0.018159,-0.269196,1.75628,-3.11269,-0.0170371,1.73873, 
393,0.018159,-0.269196,1.75628,-3.11269,-0.0170371,1.73873, 
394,0.018159,-0.269196,1.75628,-3.11269,-0.0170371,1.73873, 
395,0.018159,-0.269196,1.75628,-3.11269,-0.0170371,1.73873, 
396,0.018159,-0.269196,1.75628,-3.11269,-0.0170371,1.73873, 
397,0.018159,-0.269196,1.75628,-3.11269,-0.0170371,1.73873, 
398,0.018159,-0.269196,1.75628,-3.11269,-0.0170371,1.73873, 
399,0.018159,-0.269196,1.75628,-3.11269,-0.0170371,1.73873, 
400,0.018159,-0.269196,1.75628,-3.11269,-0.0170371,1.73873, 
401,0.018159,-0.269196,1.75628,-3.11269,-0.0170371,1.73873, 
402,0.016665,-0.269218,1.75631,-3.11571,-0.0163672,1.73879, 
403,0.0148722,-0.269237,1.75635,-3.11932,-0.0155631,1.73887, 
404,0.0133712,-0.269471,1.75613,-3.12234,-0.0148707,1.73825, 
405,0.0115782,-0.269476,1.75616,-3.12596,-0.014067,1.73832, 
406,0.0100839,-0.269474,1.75619,-3.12897,-0.0133969,1.73838, 
407,0.00829089,-0.269464,1.75622,-3.13259,-0.0125926,1.73844, 
408,0.00679661,-0.26945,1.75624,-3.1356,-0.0119221,1.73849, 
409,0.00500374,-0.269426,1.75627,-3.13922,-0.0111171,1.73856, 
410,0.00350961,-0.2694,1.75629,3.14095,-0.0104461,1.7386, 
411,0.00171698,-0.269361,1.75631,3.13734,-0.0096406,1.73866, 
412,0.000223091,-0.269323,1.75633,3.13433,-0.00896909,1.7387, 
413,-0.00156919,-0.26927,1.75635,3.13071,-0.00816302,1.73875, 
414,-0.00306275,-0.26922,1.75636,3.1277,-0.00749105,1.7388, 
415,-0.00485458,-0.269152,1.75638,3.12408,-0.00668442,1.73884, 
416,-0.00634771,-0.26909,1.75639,3.12107,-0.00601199,1.73888, 
417,-0.00813896,-0.269008,1.75641,3.11746,-0.00520483,1.73892, 
418,-0.00963157,-0.268934,1.75642,3.11445,-0.00453196,1.73895, 
419,-0.0114221,-0.268838,1.75643,3.11083,-0.00372427,1.73899, 
420,-0.0129141,-0.268752,1.75644,3.10782,-0.00305097,1.73901, 
421,-0.0147039,-0.268641,1.75644,3.10421,-0.00224276,1.73904, 
422,-0.0161952,-0.268542,1.75645,3.1012,-0.00156905,1.73907, 
423,-0.0179841,-0.268417,1.75645,3.09758,-0.000760341,1.73909, 
424,-0.0194746,-0.268307,1.75646,3.09457,-8.62149E-05,1.73911, 
425,-0.0212625,-0.268167,1.75646,3.09096,0.000722977,1.73913, 
426,-0.0227521,-0.268045,1.75646,3.08795,0.0013975,1.73915, 
427,-0.0245559,-0.268114,1.75621,3.08433,0.00222202,1.73848, 
428,-0.0260447,-0.26798,1.75621,3.08131,0.00289609,1.73849, 
429,-0.0278303,-0.267811,1.75621,3.0777,0.00370522,1.73851, 
430,-0.0293179,-0.267665,1.7562,3.07469,0.00437966,1.73851, 
431,-0.0311022,-0.267482,1.7562,3.07108,0.00518923,1.73852, 
432,-0.0325887,-0.267324,1.75619,3.06807,0.00586404,1.73852, 
433,-0.0343715,-0.267126,1.75618,3.06446,0.00667404,1.73852, 
434,-0.0358568,-0.266956,1.75617,3.06145,0.0073492,1.73852, 
435,-0.0373414,-0.266781,1.75616,3.05844,0.00802452,1.73852, 
436,-0.0391219,-0.266563,1.75614,3.05483,0.00883512,1.73851, 
437,-0.0406051,-0.266375,1.75613,3.05182,0.00951077,1.7385, 
438,-0.0423839,-0.266143,1.75611,3.04821,0.0103218,1.73849, 
439,-0.0438657,-0.265943,1.7561,3.0452,0.0109977,1.73848, 
440,-0.0453241,-0.265516,1.75632,3.0422,0.0116628,1.73915, 
441,-0.0471,-0.265263,1.7563,3.03859,0.0124754,1.73913, 
442,-0.0485794,-0.265046,1.75628,3.03559,0.0131526,1.73911, 
443,-0.0503533,-0.264778,1.75626,3.03198,0.0139655,1.73909, 
444,-0.051831,-0.26455,1.75623,3.02897,0.0146431,1.73907, 
445,-0.0533078,-0.264316,1.75621,3.02596,0.0153207,1.73905, 
446,-0.0550787,-0.264027,1.75618,3.02235,0.0161342,1.73901, 
447,-0.0565537,-0.263781,1.75616,3.01934,0.0168121,1.73899, 
448,-0.0580278,-0.26353,1.75613,3.01634,0.0174902,1.73896, 
449,-0.0597953,-0.263221,1.7561,3.01273,0.0183041,1.73892, 
450,-0.0612675,-0.262958,1.75607,3.00972,0.0189824,1.73889, 
451,-0.0627387,-0.262689,1.75603,3.00671,0.0196609,1.73885, 
452,-0.0645027,-0.262359,1.756,3.00311,0.0204752,1.7388, 
453,-0.0659719,-0.262079,1.75596,3.0001,0.0211539,1.73876, 
454,-0.06744,-0.261793,1.75593,2.99709,0.0218327,1.73872, 
455,-0.0692002,-0.261443,1.75589,2.99349,0.0226475,1.73867, 
456,-0.0706661,-0.261145,1.75585,2.99048,0.0233265,1.73862, 
457,-0.072131,-0.260842,1.75581,2.98747,0.0240056,1.73858, 
458,-0.0738871,-0.260471,1.75576,2.98387,0.0248208,1.73852, 
459,-0.0753496,-0.260157,1.75572,2.98086,0.0255001,1.73846, 
460,-0.076811,-0.259837,1.75568,2.97785,0.0261795,1.73841, 
461,-0.0782713,-0.259511,1.75564,2.97485,0.0268591,1.73835, 
462,-0.0799897,-0.258893,1.75583,2.97126,0.0276702,1.73897, 
463,-0.0814474,-0.258556,1.75578,2.96826,0.0283507,1.73891, 
464,-0.0829038,-0.258213,1.75574,2.96525,0.0290313,1.73885, 
465,-0.0843591,-0.257866,1.75569,2.96225,0.029712,1.73878, 
466,-0.0861035,-0.257441,1.75563,2.95864,0.030529,1.7387, 
467,-0.0875561,-0.257081,1.75558,2.95564,0.0312099,1.73864, 
468,-0.0890074,-0.256717,1.75553,2.95263,0.0318908,1.73857, 
469,-0.0904574,-0.256347,1.75548,2.94963,0.0325718,1.73849, 
470,-0.0919061,-0.255971,1.75542,2.94662,0.0332529,1.73842, 
471,-0.0936425,-0.255513,1.75536,2.94302,0.0340704,1.73833, 
472,-0.0950883,-0.255126,1.7553,2.94001,0.0347516,1.73825, 
473,-0.0964963,-0.254515,1.75549,2.93703,0.0354313,1.73886, 
474,-0.0979392,-0.254117,1.75543,2.93403,0.0361135,1.73877, 
475,-0.0993808,-0.253714,1.75537,2.93102,0.0367957,1.73869, 
476,-0.100821,-0.253306,1.75531,2.92802,0.037478,1.7386, 
477,-0.10226,-0.252893,1.75525,2.92502,0.0381603,1.73852, 
478,-0.103697,-0.252474,1.75518,2.92201,0.0388426,1.73843, 
479,-0.10542,-0.251964,1.75511,2.91841,0.0396616,1.73832, 
480,-0.106854,-0.251534,1.75504,2.91541,0.0403441,1.73823, 
481,-0.108286,-0.251099,1.75497,2.91241,0.0410266,1.73813, 
482,-0.109717,-0.250658,1.7549,2.9094,0.0417091,1.73803, 
483,-0.111106,-0.249994,1.75508,2.90642,0.0423929,1.73862, 
484,-0.112534,-0.249543,1.75501,2.90342,0.0430763,1.73852, 
485,-0.11396,-0.249087,1.75494,2.90042,0.0437598,1.73841, 
486,-0.115385,-0.248625,1.75486,2.89742,0.0444433,1.73831, 
487,-0.116808,-0.248159,1.75479,2.89442,0.0451268,1.7382, 
488,-0.118229,-0.247687,1.75472,2.89142,0.0458103,1.73809, 
489,-0.119649,-0.24721,1.75464,2.88841,0.0464939,1.73798, 
490,-0.121024,-0.24651,1.75481,2.88544,0.0471805,1.73856, 
491,-0.12244,-0.246022,1.75473,2.88244,0.0478649,1.73844, 
492,-0.123855,-0.24553,1.75465,2.87944,0.0485493,1.73833, 
493,-0.125268,-0.245032,1.75457,2.87644,0.0492338,1.73821, 
494,-0.126679,-0.244529,1.75448,2.87343,0.0499182,1.73809, 
495,-0.128088,-0.244021,1.7544,2.87043,0.0506027,1.73797, 
496,-0.129496,-0.243508,1.75432,2.86743,0.0512871,1.73784, 
497,-0.130902,-0.242989,1.75423,2.86443,0.0519716,1.73772, 
498,-0.13226,-0.242249,1.75439,2.86146,0.0526612,1.73827, 
499,-0.133662,-0.241721,1.7543,2.85846,0.0533465,1.73814, 
500,-0.134782,-0.241294,1.75423,2.85606,0.0538946,1.73804, 
501,-0.136181,-0.240756,1.75414,2.85306,0.0545799,1.73791, 
